<?xml version="1.0"?>
<info xmlns:xsi= "http://www.w3.org/2001/XMLSchema-instance" xsi:noNamespaceSchemaLocation="https://apps.nextcloud.com/schema/apps/info.xsd">
    <id>sendent</id>
    <name>Sendent</name>
    <summary lang="en">Sendent allows you to securely exchange files and emails</summary>
    <description lang="en">Sendent now securely exchanges files and emails, integrating with both Microsoft Outlook and Microsoft Teams. This enhanced capability allows users to seamlessly conduct their work, not only within their preferred email environment but also within the collaborative framework of Microsoft Teams. Whether sharing privacy-sensitive documents, content, or handling attachments that exceed standard email size constraints, Sendent ensures a streamlined and secure communication experience. All files are directed to your Nextcloud instance, empowering you to control and manage access permissions effectively.</description>
    <version>3.0.1</version>
    <licence>agplv3</licence>
    <author mail="support@sendent.nl" homepage="https://www.sendent.nl">Sendent B.V.</author>
    <namespace>Sendent</namespace>

    <category>integration</category>
    <category>office</category>
    <category>social</category>
    <website>https://www.sendent.nl</website>
    <bugs>https://sendent.nl/support</bugs>
    <repository>https://github.com/Sendent-B-V/Sendent-App-for-Nextcloud.git</repository>
    <screenshot>https://download.sendent.nl/serverapp/1.0.0/sendentbanner.png</screenshot>
    <screenshot>https://download.sendent.nl/serverapp/1.0.0/sharefilesuploading.png</screenshot>
    <screenshot>https://download.sendent.nl/serverapp/1.0.0/sharefilesfiles.png</screenshot>
    <screenshot>https://download.sendent.nl/serverapp/1.0.0/publicshare.png</screenshot>
    <screenshot>https://download.sendent.nl/serverapp/1.0.0/publicsharedate.png</screenshot>

    <dependencies>
        <nextcloud min-version="25" max-version="28"/>
    </dependencies>

    <settings>
        <admin>OCA\Sendent\Settings\SendentSettings</admin>
        <admin-section>OCA\Sendent\Settings\SendentSection</admin-section>
    </settings>
</info>
